{"cameraMode":{"drawMode":0,"name":"Shaded","section":"Shading Mode"},"sceneLighting":true,"audioPlay":false,"sceneViewState":{"showFog":true,"showMaterialUpdate":true,"showSkybox":true,"showFlares":true,"showImageEffects":true,"showParticleSystems":true},"in2DMode":false,"pivot":{"x":-58.21480941772461,"y":32.98117446899414,"z":95.56669616699219},"rotation":{"x":0.03384268283843994,"y":0.9555332660675049,"z":-0.12133118510246277,"w":0.26662641763687136},"size":42.22064971923828,"orthographic":true}